category,sub_index,item_key,name,qty,notes,source,target_url,custom_url,custom_label
Components,0,caddx-ratel-2-12000-tvl,Caddx Ratel 2 12000 TVL,1,,amazon,,,
Components,0,915-mhz-receiver-express-lrs-nano,915 MHz receiver Express LRS Nano,1,,amazon,,,
Components,0,speedybee-f405-v3-stack-bls-50a,SpeedyBee F405 V3 Stack BLS 50A,1,,amazon,,,
Components,0,vtx-akk-race-ranger-1-6w,VTX AKK Race Ranger 1.6W,1,,amazon,,,
Components,0,emax-ecoii-series-eco-ii-2807-6s-1300kv,EMAX ECOII Series ECO II 2807 6S 1300KV,4,,amazon,,,
Components,0,fpv-antenna-sma-10cm,FPV antenna SMA 10cm,1,,amazon,,,
Components,0,hqprop-7035-7x3-5x3,HQPROP 7035 7x3.5x3,4,,amazon,,,
Components,0,mark-4-7-frame,Mark 4 7'’ frame,1,,amazon,,,
Components,0,xt60-connectors,XT60 connectors,2,,amazon,,,
Components,0,radiomaster-bandit-micro-elrs-915-mhz-radio-adapter,RadioMaster Bandit Micro ELRS 915 MHz Radio Adapter,1,,amazon,,,
Components,0,beitian-bn-220-gps-module-and-buzzer,Beitian BN-220 GPS module and Buzzer,1,,amazon,,,
Components,0,lipo-22-2v-6s-battery-7000-10000mah,LiPo 22.2V 6S Battery (7000-10000mAh),1,Li-Po more powerfull discharge / Power output. Better for FPV Racing,amazon,,,
Components,0,lithium-ion-22-2v-6s2p-battery-7000-10000mah,Lithium-Ion 22.2V 6s2p Battery (7000-10000mAh),1,Li-Ion better for long range flights,amazon,,,
Components,1,5-8g-fpv-goggles-40ch-x-band,5.8G FPV Goggles 40CH X BAND,1,,amazon,,,
Components,1,radiomaster-tx12-mark-ii-radio-controller,RadioMaster TX12 Mark II Radio Controller,1,,amazon,,,
Components,2,alternative-mark-4-5-frame,"Alternative Mark 4 5"" frame",1,5 inch arm - Alternative,amazon,,,
Components,2,drone-payload-system,Drone Payload System,1,Alternative untill new redesign,amazon,,,
Components,2,dual-payload-system,Dual Payload System,1,Alternative untill new redesign,amazon,,,
Filament,0,pc-asa-abs-petg-filament,PC / ASA / ABS / PETG Filament,1,,amazon,,,
Filament,0,pc-cf-petg-cf-pa-cf-abs-engineering-grade-filaments,PC-CF / PETG-CF / PA-CF / ABS+ (Engineering Grade Filaments),1,,amazon,,,
Filament,0,pla,PLA,1,,amazon,,,
Filament,0,tpu,TPU,1,,amazon,,,
Misc,0,heat-insert-set,Heat insert set,1,,amazon,,,
Misc,0,power-wire,Power Wire,1,12AWG - (For 2A and/or 5v),amazon,,,
Misc,0,communication-signal-wire,Communication / Signal Wire,1,22AWG - (Recommend solid core),amazon,,,
Misc,0,ferrules-set,Ferrules Set,1,,amazon,,,
Misc,0,reusable-velcro-cable-ties,Reusable Velcro Cable Ties,1,,amazon,,,
Misc,0,heat-shrink,Heat Shrink,1,,amazon,,,
Misc,0,m3-countersunk-screw-set,M3 Countersunk screw set,1,,amazon,,,
Misc,0,distances-standoffs-m3,Distances (Standoffs M3),1,Needed if you want to 3d-print the frame,amazon,,,
Misc,1,heat-insert-set-2,Heat insert set,1,Alternative,amazon,,,
Misc,1,m3-button-cap-set-alternative,M3 Button Cap Set (Alternative),1,Alternative link,amazon,,,
Misc,1,m3-socket-head-cap-alternative,M3 Socket head cap (Alternative,1,Alternative link,amazon,,,
Misc,1,m3-heat-insert-set-alternative,M3 Heat Insert set (Alternative,1,Alternative link,amazon,,,
Misc,1,m3-spacers-distances-alternative,M3 Spacers/Distances (Alternative,1,Alternative link,amazon,,,
Tools,0,soldering-iron-ts101,Soldering Iron TS101,1,(Recommended),amazon,,,
Tools,0,heat-inset-tip-kit-for-ts101,Heat Inset Tip Kit - For TS101,1,(Recommended),amazon,,,
Tools,0,electric-precision-screwdriver,Electric Precision Screwdriver,1,(Recommended),amazon,,,
Tools,0,allen-key-set,Allen Key Set,1,(Recommended),amazon,,,
Tools,0,torx-key-set,Torx Key Set,1,(Recommended),amazon,,,
Tools,0,torque-screwdriver,Torque Screwdriver,1,(Recommended),amazon,,,
Tools,0,wire-stripper,Wire stripper,1,(Recommended),amazon,,,
Tools,0,wire-cutter,Wire cutter,1,(Recommended),amazon,,,
Tools,0,heat-insert-press-tool,Heat Insert Press Tool,1,(Recommended),amazon,,,
Tools,0,crimp-tool,Crimp Tool,1,(Recommended),amazon,,,
Tools,1,soldering-iron-generic-alternative,Soldering Iron - Generic  (Alternative),1,Budget friendly alternative,amazon,,,
Tools,1,heat-insert-tip-set-alternative,Heat insert tip - set   (Alternative),1,Budget friendly alternative,amazon,,,
Tools,1,precision-screwdriver-set,Precision Screwdriver Set,1,Budget friendly alternative,amazon,,,
